index,count
laufey,143
katseye,135
beabadoobee,128
sabrina carpenter,128
chappell roan,125
tyler the creator,103
wave to earth,88
grentperez,86
the marias,83
kendrick lamar,82
keshi,79
sza,78
gracie abrams,78
wallows,69
bruno mars,64
clairo,62
dominic fike,61
don toliver,59
travis scott,52
niki,50
charli xcx,47
the weeknd,42
daniel caesar,41
tate mcrae,40
olivia rodrigo,40
malcolm todd,37
drake,37
playboi carti,35
noah kahan,35
knock2,34
aespa,34
omar apollo,33
joji,33
kali uchis,33
lana del rey,33
jpegmafia,33
role model,32
isoknock,31
faye webster,30
brent faiyaz,30
isoxo,29
kaytranada,28
pinkpantheress,28
kiss of life,27
ken carson,27
billie eilish,27
chase atlantic,25
frank ocean,25
le sserafim,25
zedd,25
steve lacy,25
idk,24
lauv,24
taylor swift,24
illenium,24
the driver era,24
conan gray,23
baby keem,23
tv girl,23
pitbull,22
doechii,22
john summit,21
lizzy mcalpine,21
mike sherm,21
doja cat,20
magdalena bay,20
d4vd,20
peso pluma,20
troye sivan,20
hozier,20
dpr ian,19
blood orange,19
new jeans,19
renee rapp,19
jhene aiko,19
blxst,19
lyn lapid,18
j cole,18
victoria monet,18
kehlani,17
mac demarco,17
tinashe,17
tame impala,17
thee sacred souls,17
artist,17
dom dolla,17
porter robinson,17
rex orange county,16
dabin,16
fred again,16
lil tecca,16
tyla,15
del water gap,15
thuy,15
tomorrow x together,15
hatsune miku,15
bryson tiller,15
zach bryan,15
remi wolf,15
jid,15
newjeans,14
luke chiang,14
arctic monkeys,14
william black,14
any kpop,14
lucki,14
childish gambino,14
flo milli,14
glass animals,14
fuerza regida,13
xg,13
denzel curry,13
cuco,13
the kid laroi,13
benson boone,13
coin,13
vince staples,13
amine,13
slander,13
ksi,12
the strokes,12
cigarettes after sex,12
bbno$,12
seventeen,12
kanye west,11
wasia project,11
still woozy,11
partynextdoor,11
rocco,11
flo,11
pierce the veil,11
djo,11
yeat,11
asap rocky,10
lil uzi vert,10
metro boomin,10
smino,10
yuno miles,10
the backseat lovers,10
bladee,10
snow strippers,10
future,10
flipturn,10
mitski,10
dijon,9
jay park,9
megan thee stallion,9
ravyn lenae,9
cage the elephant,9
shawn mendes,9
rina sawayama,9
kesha,9
yoasobi,9
enhypen,9
backseat lovers,9
bad bunny,9
junior h,9
rauw alejandro,9
hojean,8
weston estate,8
anderson paak,8
eaj,8
post malone,8
men i trust,8
phoebe bridgers,8
khalid,8
peach pit,8
nav,8
ateez,8
paramore,8
destroy lonely,8
friday pilots club,8
suki waterhouse,7
set it off,7
the chainsmokers,7
maneskin,7
karol g,7
deftones,7
linkin park,7
subtronics,7
japanese breakfast,7
fisher,7
nueve lio,7
between friends,7
ricky montgomery,7
glorilla,7
ice spice,7
big time rush,7
2hollis,7
young miko,7
bts,7
p1harmony,7
joey bada$$,7
girl in red,7
jvke,7
dayglow,7
the dare,7
julie,7
stray kids,7
ian,7
halsey,7
kanye,7
coldplay,6
armnhmr,6
imagine dragons,6
finneas,6
giveon,6
jackson wang,6
alex g,6
yung lean,6
jean dawson,6
5 seconds of summer,6
21 savage,6
morgan wallen,6
bixby,6
rich brian,6
twice,6
declan mckenna,6
sexyy red,6
teezo touchdown,6
stephen sanchez,6
feid,6
lil yachty,6
maisie peters,6
umi,6
jungle,6
mxmtoon,5
the japanese house,5
dpr live,5
half alive,5
ski mask the slump god,5
alice phoebe lou,5
summer walker,5
tems,5
wooli,5
luna li,5
sunkis,5
vacations,5
willow,5
rose,5
bibi,5
leon thomas,5
danny ocean,5
good kid,5
eminem,5
riize,5
calvin harris,5
adele,5
shygirl,5
madison beer,5
system of a down,5
starfall,5
lady gaga,5
raye,5
mico,5
ruel,5
mkgee,5
aurora,5
king krule,5
junny,5
the rose,5
gunna,4
justin bieber,4
nmixx,4
muna,4
jack johnson,4
isaiah rashad,4
bakar,4
amaarae,4
my chemical romance,4
jesse barrera,4
mother mother,4
kid cudi,4
ethel cain,4
the neighborhood,4
nct,4
aaron may,4
waterparks,4
it's murph,4
latin mafia,4
blackbear,4
grimes,4
foushee,4
ado,4
cris mj,4
maggie rogers,4
gigi perez,4
knox,4
lany,4
rini,4
alec benjamin,4
renee rap,4
daniel seavey,4
jordan ward,4
charlie puth,4
boynextdoor,4
dhruv,4
dean,4
cavetown,4
day6,4
laundry day,4
rihanna,4
addison rae,4
vance joy,4
benee,4
weezer,4
emei,4
ajr,4
becky g,4
dannylux,4
loona,4
psy,4
fiji blue,4
vampire weekend,4
ginger root,4
surfaces,4
paris texas,4
orion sun,4
excision,4
destin conrad,4
odesza,4
eric nam,4
g-idle,4
dua lipa,4
royel otis,4
yves tumor,3
mariah the scientist,3
wisp,3
rl grime,3
dreamcatcher,3
xavi,3
sasha alex sloan,3
aidan bissett,3
rico nasty,3
ed sheeran,3
bring me the horizon,3
i don’t know,3
vansire,3
foster the people,3
bazzi,3
listed previously,3
jeremy zucker,3
hippo campus,3
matt maltese,3
david kushner,3
tiffany day,3
matroda,3
notd,3
harry styles,3
miguel,3
seven lions,3
jkrs collective,3
disco lines,3
said the sky,3
warren hue,3
tommy richman,3
sundial,3
blink 182,3
myke towers,3
the crane wives,3
onerepublic,3
wang ok,3
el alfa,3
ha vay,3
sun room,3
snoop dogg,3
nettspend,3
the garden,3
em beihold,3
denise julia,3
rainbow kitten surprise,3
boy pablo,3
travis,3
boygenius,3
t-pain,3
ericdoa,3
riovaz,3
goth babe,3
inhaler,3
cupcakke,3
olivia dean,3
jomm,3
audrey nuna,3
eem triplin,3
roddy ricch,3
zayn,3
earl sweatshirt,3
claire rosinkranz,3
stayc,3
the last dinner party,3
ag club,3
nle choppa,3
schoolboy q,3
bruno major,3
6lack,3
100 gecs,3
ca7riel & paco amoroso,3
chase & status,3
steve aoki,3
twenty one pilots,3
peach tree rascals,3
tokischa,3
alex warren,3
the smashing pumpkins,3
martin garrix,3
jimmy eat world,3
peggy gou,3
mt joy,3
any country,3
duckwrth,3
red hot chili peppers,3
dj mandy,3
kendrick lamar duckworth,3
ecco2k,3
the drums,2
yerin baek,2
slowdive,2
artms,2
niall horan,2
chicano batman,2
rammstein,2
teddy swims,2
myles smith,2
nicky youre,2
yung gravy,2
311,2
michael jackson,2
los hermanos mendoza,2
madeon,2
coco & clair clair,2
alan walker,2
neon trees,2
alvvays,2
melanie martinez,2
mcr,2
sublime,2
kygo,2
arca,2
russ,2
kalan frfr,2
m83,2
kevin kaarl,2
bon jovi,2
sob x rbe,2
deadmau5,2
pierre bourne,2
late night drive home,2
starset,2
nct dream,2
the wrecks,2
radiohead,2
hotel ugly,2
joyce manor,2
feeble little horse,2
mazzy star,2
no candy,2
tori kelly,2
lil baby,2
fontaines dc,2
p-lo,2
no candy band,2
caroline polacheck,2
tool,2
lil wayne,2
sarah kinsley,2
the linda lindas,2
mgmt,2
chelsea cutler,2
ariana grande,2
poppy,2
crumb,2
caamp,2
panchiko,2
ive,2
herencia de patrones,2
fly by midnight,2
marina,2
ohgeesy,2
chevy,2
coco jones,2
polyphia,2
beach bunny,2
snow wife,2
lorde,2
thomas day,2
macklemore,2
car seat headrest,2
christian kuria,2
good boy daisy,2
inner wave,2
ryan beatty,2
catfish and the bottlemen,2
usher,2
shoreline mafia,2
bryant barnes,2
tory lanez,2
88rising,2
voila,2
empire of the sun,2
zerobaseone,2
solange,2
raveena,2
$uicideboy$,2
bad omens,2
level up,2
dpr ian/live,2
steve lacey,2
kim petras,2
frex,2
the living tombstone,2
erykah badu,2
leon bridges,2
nicki minaj,2
kidsnot$aints,2
babymetal,2
kiana lede,2
ritt momney,2
ayesha erotica,2
roar,2
odd mob,2
audien,2
almost monday,2
young the giant,2
rosalia,2
tupac,2
johnny orlando,2
pryvt,2
one ok rock,2
tiesto,2
swae lee,2
gemini,2
gorillaz,2
fetty wap,2
muse,2
mason ramsey,2
fka twigs,2
lola young,2
glaive,2
they might be giants,2
beyonce,2
lancey foux,2
a boogie wit da hoodie,2
jon bellion,2
cleo sol,2
san holo,2
summrs,2
lin manuel miranda,2
briston maroney,2
the band light,2
sara landry,2
crankdat,2
the lumineers,2
jojo siwa,2
dave,2
odetari,2
galantis,2
arijit singh,2
montell fish,2
two door cinema club,2
eslabon armado,2
ross lynch,2
sean paul,2
bailey zimmerman,2
megan moroney,2
trivecta,2
ashnikko,2
hybs,2
ty dolla sign,2
colde,2
the arkangels,2
$not,2
jstjr,2
saint motel,2
kikuo,2
treaty oak revival,2
masego,2
070 shake,2
joshua bassett,2
levity,2
shaq aka dj diesel,2
anson seabra,2
amelia moore,2
chief keef,2
jennie,2
cannons,2
korn,2
berry blue,2
the buttertones,2
folk bitch trio,2
lexa gates,2
brockhampton,2
turnstile,2
jazmine sullivan,2
mickey darling,2
honne,2
charlie burg,2
connor price,2
"the army, the navy",2
izna,2
diljit dosanjh,2
noa,2
johnny huynh,2
bren joy,2
isabel larosa,2
jeff bernat,2
phantogram,2
leith ross,2
shakira,2
the red pears,2
the front bottoms,2
rawayana,2
tabber,1
janelle monae,1
dora jar,1
ryan b,1
sean combs,1
keenan te,1
the neighourhood,1
nessa barrett,1
eliza doolittle,1
meet me @ the alter,1
bungalow collect,1
bears in trees,1
soul glo,1
sonder,1
big shaq,1
britney spears,1
mau p,1
my joy,1
hailey walsh,1
dodie,1
lucy,1
the birthday massacre,1
black tiger sex machine,1
ashsocozy,1
wax motif,1
kishi bashi,1
ozuna,1
have,1
carly rae jepsen,1
imase,1
friend,1
enrique iglesias,1
blk odyssy,1
coastal club,1
meduza,1
kolohe kai,1
onew,1
lord huron,1
ian asher,1
yes candy,1
isaac dunbar,1
gojira,1
naomi jon,1
claire,1
day wave,1
yaeji,1
haarper,1
vintage culture,1
the guys from whiplash,1
charlotte lawrence,1
john k,1
teo glacier,1
disclosure,1
s z a,1
erika de casier,1
eve,1
alex sampson,1
tego calderon,1
bb juelz,1
blossom,1
go,1
the boyz,1
suchmos,1
mr 305,1
blvck svm,1
ivan cornejo,1
kero kero bonito,1
jay chou,1
minds eye,1
blondshell,1
logan paul,1
chloe x halle,1
n./n./n,1
saint luna,1
black pumas,1
shreya ghosal,1
woosung,1
foo fighters,1
eric doa,1
john mayer,1
the clash,1
milky chance,1
kelela,1
earthgang,1
sheff g,1
the moss,1
abel tesfaye,1
kire,1
sade,1
lil nas x,1
luna day,1
neon killers,1
common kings,1
banda (any kind),1
neyo,1
okay kaya,1
nathan sharp,1
kanaboon,1
money bag yo,1
gryffin,1
alice lou phoebe,1
beach house,1
alessi rose,1
cloonee,1
zekk,1
sofia valdez,1
make towers,1
diljit,1
clinton kane,1
roman candle,1
mexican slum rats,1
her new knife,1
labyrinth,1
phoneboy,1
dr. dog,1
black party,1
binki,1
roe kapara,1
bones,1
ayybo,1
celine,1
fuji kaze,1
tokimonsta,1
s,1
stan walker,1
rei ami,1
any singer,1
suburb talks,1
laszewo,1
swmrs,1
mike,1
seori,1
lucy dacus,1
editors,1
valley,1
joechillworld,1
alfie templeman,1
hiatus kaiyote,1
shura,1
yung heazy,1
bree runway,1
no idea,1
john travolta,1
da punk band that plays in naruto,1
quadeca,1
nas,1
gareth emery,1
mac carroll,1
snoh alegra,1
steve aoiki,1
kyndal inskeep,1
maybe candy,1
matt garza,1
babytron,1
andrew (dj drew) alexander,1
sir chloe,1
bizarap,1
the vanished people,1
lovejoy,1
yeah yeah yeahs,1
lil mabu,1
gareth.t,1
better love,1
john oliver,1
eartheater,1
romy,1
lelo,1
jenna raine,1
any rock band,1
iu,1
zack tabudlo,1
james blake,1
laila,1
joy crookes,1
flyna boss,1
blackpink,1
emilia mernes,1
itzy,1
adrienne lenker,1
red velvet,1
horsegiirl,1
vulfpecke,1
black kray / sickboyrari,1
khruangbin,1
black eyed peas,1
tyga,1
mndr,1
lil skies,1
andre 3000,1
yg,1
rooler,1
big thief so everyone can be big sad,1
chris james,1
avenged sevenfold,1
arrows in action,1
destroy boys,1
hardy,1
the smile,1
evann mcintosh,1
max,1
tove lo,1
boy next door,1
austin moon,1
corbyn besson,1
joe p,1
wuki,1
chloe bailey,1
pc,1
tailor,1
natanael cano,1
idkhow,1
xavier wulf,1
la cuadrilla,1
".,n.n",1
dream,1
jay eazy,1
faime,1
don omar,1
julieta venegas,1
cautious clay,1
zoe wees,1
any si get,1
metallica,1
home,1
pavement,1
bleachers,1
king triton,1
normani,1
jason mraz,1
bowling for soup,1
amindi,1
white collars,1
shaboozey,1
jj lin,1
strings and heart,1
the alton’s,1
thatmexicanot,1
black skirts,1
jack black,1
jboog,1
belanova and luis miguel,1
dana and alden,1
sammy rash,1
ozi,1
crush,1
xotwod,1
kylie minogue,1
larry june,1
palace,1
dylan,1
rufus de sol,1
bss,1
gale,1
creepy nuts,1
tigercub,1
rayen lenae,1
father john misty,1
reed wonder & aurora olivas,1
dogpark,1
local people,1
bruno,1
ley soul,1
singing,1
pearl jam,1
a baddie,1
joe hisaishi,1
sleep token,1
joe maynor,1
six sex,1
svchucky,1
washed out,1
"black country, new road",1
volbeat,1
layz,1
michael cera,1
baby metal,1
front bottoms,1
renforshort,1
woodz,1
summer salt,1
tritonal,1
fleshwater,1
the beaches,1
zelooperz,1
adrianne lenker,1
porcupine tree,1
homixide gang,1
femtanyll,1
louis the child,1
stella jang,1
grouplove,1
marshmellow,1
t+pazolite,1
ashe,1
gable price and friends,1
jordy searcy,1
the altons/ superheaven,1
miles,1
milena,1
deng dian,1
katy perry,1
graice abrams,1
ella musch,1
nico play,1
iv of spades,1
surf curse,1
jessie reyez,1
one republic,1
a$ap ferg,1
lunay,1
rusted root,1
quinnie,1
johnny stimson,1
wendy from red velvet,1
drug dealer,1
chance the rapper,1
lamp,1
cobra man,1
hotel books,1
odoriko,1
cults,1
vaultboy,1
stick figure,1
skepta,1
crystal catsles,1
gorgon city,1
waylon wyatt,1
joost klein,1
avicii,1
dr. fresch,1
ningning from aespa,1
claudia,1
fiona apple,1
mike posner,1
zoe- mexican rock band,1
kompany,1
2ne1,1
xanakin skywok,1
grouper,1
tony22,1
wolf alice,1
?,1
youra,1
the crying nudes,1
the dip,1
no guidnce,1
laidback luke,1
nine inch nails,1
holly humberstone,1
mexican ot,1
mitis,1
pentatonix,1
stand atlantic,1
micah dailey white,1
flyana boss,1
guns n'roses,1
kashbocks,1
mavi,1
eden,1
quavo,1
sofaygo,1
koffee,1
jessica baio,1
easha,1
purity ring,1
scowl,1
marina and the diamonds,1
drama trial,1
avril lavigne,1
sure sure,1
quinn xcii,1
anyone of the big artists from head in the clouds honestly,1
tisakorean,1
crying city,1
jimmy brown,1
cobra starship,1
lcd soundsystem,1
the backfires,1
avery lynch,1
blue hour,1
gucci mane,1
the dirty heads,1
khantrast,1
crane wives,1
metal bands,1
the walters,1
jimin,1
wale the sage,1
iration,1
bygones,1
matthew ifield,1
beach bums,1
francis blume,1
dj,1
i,1
steely dan,1
nocandy band,1
sammy virji,1
aqyila,1
i don't know how but they found me,1
jarimoquai,1
polo gonzalez,1
the score,1
cher,1
thefatrat,1
hugelthug,1
m.i.a.,1
lisa ono,1
awakebutstillinbed,1
mahalia,1
quarters of change,1
palaye royale,1
mac ayres,1
dreamer isioma,1
amyl and the sniffers,1
ray volpe,1
destiny rogers,1
israel’s arcade,1
david guetta,1
a,1
pharrell,1
matt hansen,1
katherine li,1
di,1
j,1
micheal sanzone,1
katie,1
interpol,1
devon hendryx,1
foxtide,1
nmn.n,1
hrvy,1
d.savage/lucki,1
little simz,1
mad tsai,1
bellakah,1
project pat,1
cochise,1
holy wars,1
primus,1
sub focus,1
tito double p,1
monsta x,1
sleepy hallow,1
chencho corleone,1
john cena,1
jordan sweeto,1
boy harsher,1
the eagles,1
chyl,1
kenny mason,1
kard,1
alexandria savior,1
snail mail,1
florence and the machine,1
dolphins on acid,1
zach top,1
planet giza,1
camilla cabello,1
drinkurwater,1
elley duhe,1
smokey robinson,1
b if do,1
nikki minaj,1
03 greedo,1
hyejin,1
leigh ross,1
ludmilla,1
soulja boy,1
isabella lovestory,1
xenia,1
dpr,1
ava max,1
band performing,1
re6ce,1
tape b,1
ella mai,1
tobi lou,1
daniel jikal,1
one direction,1
badbunny,1
elsa and emilie,1
duckworth,1
upsahl,1
rich amiri,1
jiwoo (maisonjiwoo),1
yung nudy,1
run the jewels,1
the hails,1
sampha,1
kim doyoung (nct),1
ray bull,1
lolo zouai,1
brb.,1
zbo,1
social distortion,1
sullivan king,1
alessia cara,1
three days grace 2x,1
lil durk,1
khai dreams,1
kes,1
yeule,1
natori,1
amine or sir,1
the wombats,1
prvyt,1
the walter’s,1
khloe rose,1
shotgun willy,1
asumuh,1
griff,1
143kane,1
olivia rodriques,1
george clanton,1
ciara,1
allen stone,1
lebron james,1
loossemble,1
underscores,1
madeline the person,1
maroon 5,1
reol,1
osamason,1
forrest.,1
chris stussy,1
balu brigada,1
allison ponthier,1
crawlers,1
daisy,1
miley cyrus,1
the 1975,1
the growlers.,1
teo,1
poets of the fall,1
raveena aurora,1
zutomayo,1
jeff rosenstock,1
nathan evans,1
aeden alvarez,1
natalia lafourcade,1
ethan kozberg :d,1
john lennon,1
grupo marca registrada,1
dabeull,1
catalyst,1
 katseye,1
bino rideaux,1
subradio,1
lil shine,1
rad museum,1
ranee rapp,1
caroline polachek,1
hieuthuhai,1
illit,1
emotional oranges,1
1nonly,1
sheena ringo,1
billy joel,1
inhaler dublin,1
habstrakt,1
sitting on stacy,1
boywithuke,1
cas,1
infinity song,1
juanes,1
queens of the stone age,1
elephant gym,1
jordana,1
daddy yankee,1
lee youngji,1
10cm,1
justin timberlake,1
headband andy,1
jakob,1
astn,1
cheat codes,1
new hope club,1
franz ferdinand,1
fletcher,1
snbrn,1
luke bryan,1
alt j,1
machine girl,1
lil yatchy,1
diddy,1
of montreal,1
snake pool,1
clean bandit,1
bea miller,1
evansence,1
jai wolf,1
aj tracy,1
tws,1
remy bond,1
greek,1
luke combs,1
regina song,1
breaking benjamin,1
funtcase,1
nct127,1
joeyy,1
bridgette calls me baby,1
juliet ivy,1
durand bernarr,1
yorushika,1
joey valence & brae,1
delorians,1
julia jacklin,1
akon,1
kaytramine,1
janani k. jha,1
sleigh bells,1
david hugo,1
idles,1
ferxxo,1
naika,1
kordhell,1
sir,1
grupo frontera,1
bombay bicycle club,1
trippie red,1
leanna firestone,1
thundercat,1
tia corine,1
maude latour,1
amaare,1
ms. lauryn hill,1
allison russell,1
marshmello,1
dean lewis,1
kaluchis,1
asake,1
rc avenue,1
exid,1
q,1
aron may,1
lu kala,1
britney mason,1
ishan,1
maddison bear,1
fall out boy,1
origami angel,1
humbe,1
1nlonly,1
mark ambor,1
bastille,1
violent vira,1
avenoir,1
ak bandamont,1
santana,1
foglake,1
nia archives,1
suicide boys,1
yung kai,1
carter ace,1
vvke,1
lane 8,1
bruce springsteen,1
kaarija,1
ramon vega,1
landon conrath,1
ghastly,1
v from bts,1
forester,1
sam fender,1
big thief,1
rage against the machine,1
remo drive,1
jessie ware,1
wizkid,1
julien baker,1
nico moreno,1
dove cameron,1
elijah woods,1
natalie jane,1
the killers,1
kevin atwater,1
vinne,1
khamari,1
bigxthaplug,1
estevie,1
eyedress,1
anomalie,1
artemas,1
luke hemmings,1
zack fox,1
yazida,1
claro,1
mannequin pussy,1
des rocs,1
trippie redd,1
chanel pena,1
psychic fever,1
jhariah,1
ween,1
j boog,1
masiwei,1
towa bird,1
show me the body,1
lil vada,1
green day,1
chase shakur,1
taylor hill,1
jamie xx,1
hayley kiyoko,1
borns,1
andy grammar,1
cruza,1
essosa,1
loveless,1
brutalismus 3000,1
mustard service,1
daniel seavy,1
sleeping with sirens,1
her,1
no vacation,1
patrick brasca,1
big naughty,1
lauren spencer smith,1
chris lake,1
the foxtides,1
wave & rome,1
jxdn,1
veeze,1
rainao,1
swedish house mafia,1
shady moon,1
los angeles azules,1
bulow,1
lexie liu,1
slightly stoopid,1
jawny,1
sufjan stevens,1
yeek,1
moon walker,1
mgk,1
dance,1
honey revenge,1
pinkii,1
the smiths,1
central cee,1
danny lux,1
rachel chinouriri,1
100gecs,1
xanubis,1
exo,1
the alchemist,1
bad suns,1
mf doom,1
aimyon,1
sarah kang,1
jorja smith,1
logic,1
denn.,1
young nudy,1
duskus,1
cynthoni,1
jhayco,1
infinite song,1
dylan gosset,1
ryan b.,1
lsd and the search for god,1
sammy rae and the friends,1
new west,1
a dj,1
justine skye,1
will wood,1
last dinos,1
mora,1
fallout boy,1
violent vera,1
megan trainor,1
morgan st jean,1
jr,1
